{"12": 0.7229137626089741, "20": 0.7189413609848981, "21": 1.0381079466284449, "22": 1.510913807643347, "23": 1.7677130352252817, "24": 1.0389057548736664, "28": 1.4524310501559814, "29": 1.672661155245547, "30": 1.2564658241515463, "31": 0.49728186008353187, "36": 1.1820732438208261}